id,name,country,code,timezone
122,V LIVE,"Korea, Republic of",KR,Asia/Seoul
510,Epic Media,Russian Federation,RU,Asia/Kamchatka
381,КиноПоиск HD,Russian Federation,RU,Asia/Kamchatka
51,Bilibili,China,CN,Asia/Shanghai
104,Tencent QQ,China,CN,Asia/Shanghai
342,Paravi,Japan,JP,Asia/Tokyo
507,filimo,"Iran, Islamic Republic of",IR,Asia/Tehran
208,VK.com,Russian Federation,RU,Asia/Kamchatka
238,NRK TV,Norway,NO,Europe/Oslo
99,Rutube,Russian Federation,RU,Asia/Kamchatka
54,ITV Hub,United Kingdom,GB,Europe/London
452,Aitube.kz,Kazakhstan,KZ,Asia/Qyzylorda
222,BluTV,Turkey,TR,Europe/Istanbul
439,Exxen,Turkey,TR,Europe/Istanbul
327,TV 2 Play,Norway,NO,Europe/Oslo
21,YouTube,Norway,NO,Europe/Oslo
202,Facebook Watch,Norway,NO,Europe/Oslo
245,Start,Russian Federation,RU,Asia/Kamchatka
43,YouTube Premium,Russian Federation,RU,Asia/Kamchatka
319,FiteTV,Russian Federation,RU,Asia/Kamchatka
103,Viaplay,Russian Federation,RU,Asia/Kamchatka
458,Watch iT!,Egypt,EG,Africa/Cairo
67,iQIYI,Egypt,EG,Africa/Cairo
118,Youku,China,CN,Asia/Shanghai
420,PBS,United States,US,America/New_York
1,Netflix,China,CN,Asia/Shanghai
379,Shahid,China,CN,Asia/Shanghai
173,discovery+,China,CN,Asia/Shanghai
30,Naver TVCast,"Korea, Republic of",KR,Asia/Seoul
119,FOD,Japan,JP,Asia/Tokyo
102,Twit,United States,US,America/New_York
2,Hulu,United States,US,America/New_York
107,Paramount+,United States,US,America/New_York
274,Brat,United States,US,America/New_York
380,Seezn,"Korea, Republic of",KR,Asia/Seoul
226,Mango TV,China,CN,Asia/Shanghai
240,Melon,"Korea, Republic of",KR,Asia/Seoul
160,NJPW World,Japan,JP,Asia/Tokyo
191,Viafree,Norway,NO,Europe/Oslo
195,WOW Presents Plus,Norway,NO,Europe/Oslo
88,LINE TV,Norway,NO,Europe/Oslo
131,Globoplay,Brazil,BR,America/Noronha
15,WWE Network,United States,US,America/New_York
311,Dropout,United States,US,America/New_York
83,DisneyNOW,United States,US,America/New_York
20,Crunchyroll,United States,US,America/New_York
246,more.tv,Russian Federation,RU,Asia/Kamchatka
337,ivi,Russian Federation,RU,Asia/Kamchatka
294,Kakao TV,"Korea, Republic of",KR,Asia/Seoul
281,Premier,Russian Federation,RU,Asia/Kamchatka
12,Videoland,Netherlands,NL,Europe/Amsterdam
356,Joyn,Germany,DE,Europe/Busingen
416,VTM GO,Belgium,BE,Europe/Brussels
304,twitch,Belgium,BE,Europe/Brussels
329,HBO Max,Belgium,BE,Europe/Brussels
237,VICE Video,Belgium,BE,Europe/Brussels
384,iWantTFC,Philippines,PH,Asia/Manila
351,BET+,United States,US,America/New_York
209,ALLBLK,United States,US,America/New_York
352,ZDFmediathek,Germany,DE,Europe/Busingen
405,SonyLIV,India,IN,Asia/Kolkata
169,Movistar+,Spain,ES,Europe/Madrid
328,VGTV,Norway,NO,Europe/Oslo
410,Streamz,Belgium,BE,Europe/Brussels
434,HBO España,Spain,ES,Europe/Madrid
287,Disney+,Norway,NO,Europe/Oslo
3,Prime Video,Norway,NO,Europe/Oslo
310,Apple TV+,Norway,NO,Europe/Oslo
91,Viki,China,CN,Asia/Shanghai
440,OPTO | SIC,Portugal,PT,Europe/Lisbon
73,CC: Studios,United States,US,America/New_York
347,Peacock,United States,US,America/New_York
228,Collegehumor,United States,US,America/New_York
94,History Channel,United States,US,America/New_York
464,SwearNet,Canada,CA,America/Halifax
56,Seasonvar,Russian Federation,RU,Asia/Kamchatka
367,WeTV,Norway,NO,Europe/Oslo
533,TELASA,Japan,JP,Asia/Tokyo
32,Rooster Teeth,United States,US,America/New_York
45,UFC Fight Pass,United States,US,America/New_York
265,ESPN+,United States,US,America/New_York
408,DDTUniverse,Japan,JP,Asia/Tokyo
377,ATRESplayer PREMIUM,Spain,ES,Europe/Madrid
190,SVT Play,Sweden,SE,Europe/Stockholm
170,C More,Sweden,SE,Europe/Stockholm
321,StardomWorld,Norway,NO,Europe/Oslo
22,HBO Go,Norway,NO,Europe/Oslo
443,Planetscum,Norway,NO,Europe/Oslo
331,Zeus,United States,US,America/New_York
413,Food Network Kitchen,Belgium,BE,Europe/Brussels
428,TVB Anywhere,Hong Kong,HK,Asia/Hong_Kong
431,UEFA.tv,Hong Kong,HK,Asia/Hong_Kong
516,Tastemade,China,CN,Asia/Shanghai
518,Go3,China,CN,Asia/Shanghai
153,Puhu TV,Turkey,TR,Europe/Istanbul
40,Blip,United States,US,America/New_York
368,RTL+,Germany,DE,Europe/Busingen
52,All 4,United Kingdom,GB,Europe/London
365,iflix,Malaysia,MY,Asia/Kuching
426,Binge,Bangladesh,BD,Asia/Dhaka
252,France tv slash,France,FR,Europe/Paris
117,Sky Go,United Kingdom,GB,Europe/London
358,ZEE5,India,IN,Asia/Kolkata
164,Disney+ Hotstar,India,IN,Asia/Kolkata
376,Cosmote TV,Greece,GR,Europe/Athens
220,Yle Areena,Finland,FI,Europe/Helsinki
213,Shudder,United States,US,America/New_York
417,Independentwrestling TV,Norway,NO,Europe/Oslo
149,ABC iView,Australia,AU,Australia/Sydney
71,BBC Three,United Kingdom,GB,Europe/London
388,VidAngel,United States,US,America/New_York
315,Showtime on Demand,United States,US,America/New_York
262,myTV SUPER,Hong Kong,HK,Asia/Hong_Kong
498,Viddsee,China,CN,Asia/Shanghai
295,Sky Go,Germany,DE,Europe/Busingen
506,DCFanDome.com,China,CN,Asia/Shanghai
216,Vidol,"Taiwan, Province of China",TW,Asia/Taipei
114,wavve,"Korea, Republic of",KR,Asia/Seoul
112,Pikicast,"Korea, Republic of",KR,Asia/Seoul
409,beIN CONNECT,Turkey,TR,Europe/Istanbul
303,bon appétit video,United States,US,America/New_York
396,Hoichoi,India,IN,Asia/Kolkata
31,Vimeo,Norway,NO,Europe/Oslo
445,CTI TV,"Taiwan, Province of China",TW,Asia/Taipei
493,Player,Poland,PL,Europe/Warsaw
414,Blued,China,CN,Asia/Shanghai
335,ALT Balaji,India,IN,Asia/Kolkata
372,AIS Play,Thailand,TH,Asia/Bangkok
109,CraveTV,Canada,CA,America/Halifax
26,BBC iPlayer,United Kingdom,GB,Europe/London
425,Addatimes,India,IN,Asia/Kolkata
399,GagaOOLala,Portugal,PT,Europe/Lisbon
330,HBO Nordic,Norway,NO,Europe/Oslo
436,discovery+,United States,US,America/New_York
471,DR TV,Denmark,DK,Europe/Copenhagen
366,Okko,Russian Federation,RU,Asia/Kamchatka
447,GAIN,Turkey,TR,Europe/Istanbul
188,CuriosityStream,United States,US,America/New_York
